NO,TextOnThisLaw
276,"ผู้ใดข่มขืนกระทำชำเราผู้อื่นโดยขู่เข็ญด้วยประการใด ๆ โดยใช้กำลังประทุษร้ายโดยผู้อื่นนั้นอยู่ในภาวะที่ไม่สามารถขัดขืนได้ หรือโดยทำให้ผู้อื่นนั้นเข้าใจผิดว่าตนเป็นบุคคลอื่นต้องระวางโทษจำคุกตั้งแต่สี่ปีถึงยี่สิบปี และปรับตั้งแต่แปดพันบาทถึงสี่หมื่นบาท
การกระทำชำเราตามวรรคหนึ่ง หมายความว่าการกระทำเพื่อสนองความใคร่ของผู้กระทำโดย การใช้อวัยวะเพศของผู้กระทำกระทำกับอวัยวะเพศ ทวารหนัก หรือช่องปากของผู้อื่น หรือการใช้สิ่งอื่นใดกระทำกับอวัยวะเพศหรือทวารหนักของผู้อื่น
ถ้าการกระทำความผิดตามวรรคหนึ่งได้กระทำโดยมีหรือใช้อาวุธปืนหรือวัตถุระเบิด หรือโดยร่วมกระทำความผิดด้วยกันอันมีลักษณะเป็นการโทรมหญิง หรือกระทำกับชายในลักษณะเดียวกันต้องระวางโทษจำคุกตั้งแต่สิบห้าปีถึงยี่สิบปี และปรับตั้งแต่สามหมื่นบาทถึงสี่หมื่นบาท หรือจำคุกตลอดชีวิต
ถ้าการกระทำความผิดตามวรรคหนึ่งเป็นการกระทำความผิดระหว่างคู่สมรสและคู่สมรสนั้น ยังประสงค์จะอยู่กินด้วยกันฉันสามีภริยา ศาลจะลงโทษน้อยกว่าที่กฎหมายกำหนดไว้เพียงใดก็ได้ หรือจะกำหนดเงื่อนไขเพื่อคุมความประพฤติแทนการลงโทษก็ได้ ในกรณีที่ศาลมีคำพิพากษาให้ลงโทษจำคุก และคู่สมรสฝ่ายใดฝ่ายหนึ่งไม่ประสงค์จะอยู่กินด้วยกันฉันสามีภริยาต่อไป และประสงค์จะหย่า ให้คู่สมรสฝ่ายนั้นแจ้งให้ศาลทราบ และให้ศาลแจ้งพนักงานอัยการให้ดำเนินการฟ้องหย่าให้"
277,"ผู้ใดกระทำชำเราเด็กอายุยังไม่เกินสิบห้าปีซึ่งมิใช่ภริยาหรือสามีของตน โดยเด็กนั้นจะยินยอมหรือไม่ก็ตาม ต้องระวางโทษจำคุกตั้งแต่สี่ปีถึงยี่สิบปี และปรับตั้งแต่แปดพันบาทถึงสี่หมื่นบาท
การกระทำชำเราตามวรรคหนึ่ง หมายความว่าการกระทำเพื่อสนองความใคร่ของผู้กระทำ โดยการใช้อวัยวะเพศของผู้กระทำกระทำกับอวัยวะเพศ ทวารหนัก หรือช่องปากของผู้อื่น หรือการใช้สิ่งอื่นใดกระทำกับอวัยวะเพศหรือทวารหนักของผู้อื่น
ถ้าการกระทำความผิดตามวรรคหนึ่งเป็นการกระทำแก่เด็กอายุยังไม่เกินสิบสามปี ต้องระวางโทษจำคุกตั้งแต่เจ็ดปีถึงยี่สิบปี และปรับตั้งแต่หนึ่งหมื่นสี่พันบาทถึงสี่หมื่นบาท หรือจำคุกตลอดชีวิต
ถ้าการกระทำความผิดตามวรรคหนึ่งหรือวรรคสามได้กระทำโดยร่วมกระทำความผิดด้วยกัน อันมีลักษณะเป็นการโทรมเด็กหญิงหรือกระทำกับเด็กชายในลักษณะเดียวกันและเด็กนั้นไม่ยินยอม หรือได้กระทำโดยมีอาวุธปืนหรือวัตถุระเบิด หรือโดยใช้อาวุธ ต้องระวางโทษจำคุกตลอดชีวิต
ความผิดตามที่บัญญัติไว้ในวรรคหนึ่ง ถ้าเป็นการกระทำโดยบุคคลอายุไม่เกินสิบแปดปีกระทำ ต่อเด็กซึ่งมีอายุกว่าสิบสามปี แต่ยังไม่เกินสิบห้าปี โดยเด็กนั้นยินยอม และภายหลังศาลอนุญาตให้ทั้งสองฝ่ายสมรสกัน ผู้กระทำผิดไม่ต้องรับโทษ ถ้าศาลอนุญาตให้สมรสในระหว่างที่ผู้กระทำผิดกำลังรับโทษในความผิดนั้นอยู่ ให้ศาลปล่อยผู้กระทำความผิดนั้นไป"
277ทวิ(1),ถ้าการกระทำความผิดตาม มาตรา 276 วรรคหนึ่ง หรือ มาตรา 277 วรรคหนึ่งหรือวรรคสาม เป็นเหตุให้ผู้ถูกกระทำ รับอันตรายสาหัส ผู้กระทำต้องระวางโทษจำคุกตั้งแต่สิบห้าปีถึงยี่สิบปีและปรับตั้งแต่ สามหมื่นบาทถึงสี่หมื่นบาท หรือจำคุกตลอดชีวิต
277ทวิ(2),มาตรา 277ทวิ ถ้าการกระทำความผิดตาม มาตรา 276 วรรคหนึ่ง หรือ มาตรา 277 วรรคหนึ่งหรือวรรคสาม เป็นเหตุให้ผู้ถูกกระทำ ถึงแก่ความตาย ผู้กระทำต้องระวางโทษประหารชีวิต หรือจำคุกตลอดชีวิต
277ตรี(1),ถ้าการกระทำความผิดตาม มาตรา 276 วรรคสาม หรือ มาตรา 277 วรรคสี่ เป็นเหตุให้ผู้ถูกกระทำ รับอันตรายสาหัส ผู้กระทำต้องระวางโทษประหารชีวิต หรือจำคุกตลอดชีวิต
277ตรี(2),ถ้าการกระทำความผิดตาม มาตรา 276 วรรคสาม หรือ มาตรา 277 วรรคสี่ เป็นเหตุให้ผู้ถูกกระทำ ถึงแก่ความตาย ผู้กระทำต้องระวางโทษประหารชีวิต
278,ผู้ใดกระทำอนาจารแก่บุคคลอายุกว่าสิบห้าปีโดย ขู่เข็ญด้วยประการใด ๆ โดยใช้กำลังประทุษร้าย โดยบุคคลนั้นอยู่ ในภาวะที่ไม่สามารถขัดขืนได้ หรือโดยทำให้บุคคลนั้นเข้าใจผิดว่า ตนเป็นบุคคลอื่น ต้องระวางโทษจำคุกไม่เกินสิบปี หรือปรับไม่เกิน สองหมื่นบาท หรือทั้งจำทั้งปรับ
279,"ผู้ใดกระทำอนาจารแก่เด็กอายุยังไม่เกินสิบห้าปี โดยเด็กนั้นจะยินยอมหรือไม่ก็ตาม ต้องระวางโทษจำคุกไม่เกินสิบปี หรือปรับไม่เกินสองหมื่นบาท หรือทั้งจำทั้งปรับ
ถ้าการกระทำความผิดตามวรรคแรก ผู้กระทำได้กระทำโดย ขู่เข็ญด้วยประการใดๆ โดยใช้กำลังประทุษร้าย โดยเด็กนั้นอยู่ใน ภาวะที่ไม่สามารถขัดขืนได้ หรือโดยทำให้เด็กนั้นเข้าใจผิดว่าตน เป็นบุคคลอื่น ต้องระวางโทษจำคุกไม่เกินสิบห้าปี หรือปรับไม่เกิน สามหมื่นบาท หรือทั้งจำทั้งปรับ"
280(1),ถ้าการกระทำความผิดตาม มาตรา 278 หรือ มาตรา 279 เป็นเหตุให้ผู้ถูกกระทำ รับอันตรายสาหัส ผู้กระทำต้องระวางโทษจำคุกตั้งแต่ห้าปี ถึงยี่สิบปีและปรับตั้งแต่หนึ่งหมื่นบาทถึงสี่หมื่นบาท
280(2),ถ้าการกระทำความผิดตาม มาตรา 278 หรือ มาตรา 279 เป็นเหตุให้ผู้ถูกกระทำ ถึงแก่ความตาย ผู้กระทำต้องระวางโทษประหารชีวิตหรือจำคุกตลอดชีวิต
282,"ผู้ใดเพื่อสนองความใคร่ของผู้อื่น เป็นธุระจัดหา ล่อไป หรือพาไปเพื่อการอนาจารซึ่งชายหรือหญิง แม้ผู้นั้นจะยินยอมก็ตาม ต้องระวางโทษจำคุกตั้งแต่หนึ่งปีถึงสิบปี และปรับตั้งแต่ สองพันบาทถึงสองหมื่นบาท
ถ้าการกระทำความผิดตาม วรรคแรกเป็นการกระทำแก่บุคคล อายุเกินสิบห้าปีแต่ยังไม่เกินสิบแปดปีผู้กระทำต้องระวางโทษจำคุก ตั้งแต่สามปีถึงสิบห้าปี และปรับตั้งแต่หกพันบาทถึงสามหมื่นบาท
ถ้าการกระทำความผิดตาม วรรคแรกเป็นการกระทำแก่บุคคล อายุไม่เกินสิบห้าปีผู้กระทำต้องระวางโทษจำคุกตั้งแต่ห้าปีถึงยี่สิบปี และปรับตั้งแต่หนึ่งหมื่นบาทถึงสี่หมื่นบาท
ผู้ใดเพื่อสนองความใคร่ของผู้อื่น รับตัวบุคคลซึ่งมีผู้จัดหา ล่อไป หรือพาไปตามวรรคแรก วรรคสองหรือวรรคสาม หรือสนับสนุนใน การกระทำความผิดดังกล่าว ต้องระวางโทษตามที่บัญญัติไว้ใน วรรคแรกวรรคสอง หรือวรรคสาม แล้วแต่กรณี"
283,"ผู้ใดเพื่อสนองความใคร่ของผู้อื่น เป็นธุระจัดหา ล่อไป หรือพาไปเพื่อการอนาจารซึ่งชายหรือหญิง โดยใช้อุบายหลอกลวง ขู่เข็ญ ใช้กำลังประทุษร้าย ใช้อำนาจครอบงำผิดคลองธรรม หรือใช้วิธีข่มขืนใจด้วยประการอื่นใด ต้องระวางโทษจำคุกตั้งแต่ห้าปีถึงยี่สิบปี และปรับตั้งแต่หนึ่งหมื่นบาทถึงสี่หมื่นบาท
ถ้าการกระทำความผิดตาม วรรคแรกเป็นการกระทำแก่บุคคลอายุเกินสิบห้าปีแต่ยังไม่เกินสิบแปดปีผู้กระทำต้องระวางโทษจำคุก ตั้งแต่เจ็ดปีถึงยี่สิบปี และปรับตั้งแต่หนึ่งหมื่นสี่พันบาทถึงสี่หมื่นบาท หรือจำคุกตลอดชีวิต
ถ้าการกระทำความผิดตาม วรรคแรกเป็นการกระทำแก่เด็กอายุไม่เกินสิบห้าปี ผู้กระทำต้องระวางโทษจำคุกตั้งแต่สิบปีถึงยี่สิบปี และปรับตั้งแต่สองหมื่นบาทถึงสี่หมื่นบาท หรือจำคุกตลอดชีวิต หรือประหารชีวิต
ผู้ใดเพื่อสนองความใคร่ของผู้อื่น รับตัวบุคคลซึ่งมีผู้จัดหา ล่อไป หรือพาไปตามวรรคแรก วรรคสองหรือวรรคสาม หรือสนับสนุนใน การกระทำความผิดดังกล่าว ต้องระวางโทษตามที่บัญญัติไว้ใน วรรคแรกวรรคสอง หรือวรรคสาม แล้วแต่กรณี"
283ทวิ,"ผู้ใดพาบุคคลอายุเกินสิบห้าปีแต่ยังไม่เกินสิบแปดปี ไปเพื่อการอนาจาร แม้ผู้นั้นจะยินยอมก็ตาม ต้องระวางโทษจำคุกไม่เกิน ห้าปี หรือปรับไม่เกินหนึ่งหมื่นบาท หรือ ทั้งจำทั้งปรับ 
ถ้าการกระทำความผิดตาม วรรคแรกเป็นการกระทำแก่เด็กอายุยังไม่ เกินสิบห้าปี ผู้กระทำต้องระวางโทษจำคุกไม่เกินเจ็ดปี หรือปรับไม่เกิน หนึ่งหมื่นสี่พันบาท หรือทั้งจำทั้งปรับ 
ผู้ใดซ่อนเร้นบุคคลซึ่งถูกพา ไปตามวรรคแรกหรือวรรคสอง ต้องระวาง โทษตามที่บัญญัติในวรรคแรกหรือวรรคสอง แล้วแต่กรณี
ความผิดตามวรรคแรกและ วรรคสามเฉพาะกรณีที่กระทำแก่บุคคลอายุ เกินสิบห้าปี เป็นความผิดอันยอมความได้"
284,"ผู้ใดพาผู้อื่นไปเพื่อการอนาจาร โดยใช้อุบายหลอกลวง ขู่เข็ญ ใช้กำลังประทุษร้ายใช้อำนาจครอบงำผิดคลองธรรม หรือใช้วิธี ข่มขืนใจด้วยประการอื่นใด ต้องระวางโทษจำคุกตั้งแต่หนึ่งปีถึงสิบปี และปรับตั้งแต่สองพันบาทถึงสองหมื่นบาท
ผู้ใดซ่อนเร้นบุคคลซึ่ง ถูกพาไปตามวรรคแรก ต้องระวางโทษเช่น เดียวกับผู้พาไปนั้น
""ความผิดตาม มาตรานี้ เป็นความผิดอันยอมความได้"""
285,"ถ้าการกระทำความผิดตาม มาตรา 276 มาตรา 277 มาตรา 277ทวิ มาตรา 277ตรี 
มาตรา 278 มาตรา 279 มาตรา 280 มาตรา 282 หรือ มาตรา 283 เป็นการกระทำแก่ผู้สืบสันดาน ศิษย์ซึ่งอยู่ ในความดูแลผู้อยู่ในความควบคุม ตามหน้าที่ราชการหรือผู้อยู่ในความปกครอง ในความพิทักษ์หรือในความอนุบาล ผู้กระทำต้องระวางโทษหนัก กว่าที่บัญญัติไว้ใน มาตรา นั้น ๆ หนึ่งในสาม"
286(1),"ผู้ใดอายุกว่าสิบหกปีดำรงชีพอยู่แม้เพียงบางส่วนจากรายได้ของผู้ซึ่งค้าประเวณี ต้องระวางโทษจำคุกตั้งแต่เจ็ดปีถึงยี่สิบปี และปรับตั้งแต่หนึ่งหมื่นสี่พันบาทถึงสี่หมื่นบาทหรือจำคุกตลอดชีวิต
ผู้ใดไม่มีปัจจัยอย่างอื่นอันปรากฏสำหรับดำรงชีพ หรือไม่มีปัจจัยอันพอเพียงสำหรับดำรงชีพ
และมีพฤติการณ์อย่างหนึ่งอย่างใดต่อไปนี้ ให้ถือว่าผู้นั้นดำรงชีพอยู่จากรายได้ของผู้ซึ่งค้าประเวณี เว้นแต่จะพิสูจน์ให้เป็นที่พอใจได้ว่ามิได้เป็นเช่นนั้น อยู่ร่วมกับผู้ซึ่งค้าประเวณี หรือสมาคมกับผู้ซึ่งค้าประเวณีคนเดียวหรือหลายคนเป็นอาจิณ"
286(2),"ผู้ใดอายุกว่าสิบหกปีดำรงชีพอยู่แม้เพียงบางส่วนจากรายได้ของผู้ซึ่งค้าประเวณี ต้องระวางโทษจำคุกตั้งแต่เจ็ดปีถึงยี่สิบปี และปรับตั้งแต่หนึ่งหมื่นสี่พันบาทถึงสี่หมื่นบาทหรือจำคุกตลอดชีวิต
ผู้ใดไม่มีปัจจัยอย่างอื่นอันปรากฏสำหรับดำรงชีพ หรือไม่มีปัจจัยอันพอเพียงสำหรับดำรงชีพ
และมีพฤติการณ์อย่างหนึ่งอย่างใดต่อไปนี้ ให้ถือว่าผู้นั้นดำรงชีพอยู่จากรายได้ของผู้ซึ่งค้าประเวณี เว้นแต่จะพิสูจน์ให้เป็นที่พอใจได้ว่ามิได้เป็นเช่นนั้น กินอยู่หลับนอน หรือรับเงิน หรือประโยชน์อย่างอื่น โดยผู้ซึ่งค้าประเวณีเป็นผู้จัดให้"
286(3),"ผู้ใดอายุกว่าสิบหกปีดำรงชีพอยู่แม้เพียงบางส่วนจากรายได้ของผู้ซึ่งค้าประเวณี ต้องระวางโทษจำคุกตั้งแต่เจ็ดปีถึงยี่สิบปี และปรับตั้งแต่หนึ่งหมื่นสี่พันบาทถึงสี่หมื่นบาทหรือจำคุกตลอดชีวิต
ผู้ใดไม่มีปัจจัยอย่างอื่นอันปรากฏสำหรับดำรงชีพ หรือไม่มีปัจจัยอันพอเพียงสำหรับดำรงชีพ
และมีพฤติการณ์อย่างหนึ่งอย่างใดต่อไปนี้ ให้ถือว่าผู้นั้นดำรงชีพอยู่จากรายได้ของผู้ซึ่งค้าประเวณี เว้นแต่จะพิสูจน์ให้เป็นที่พอใจได้ว่ามิได้เป็นเช่นนั้น เข้าแทรกแซงเพื่อช่วยผู้ซึ่งค้าประเวณีในการทะเลาะวิวาทกับผู้ที่คบค้ากับผู้ซึ่งค้าประเวณีนั้น
บทบัญญัติแห่งมาตรานี้มิให้ใช้บังคับแก่ผู้รับค่าเลี้ยงดูจากผู้ซึ่งค้าประเวณีซึ่งพึงให้ค่าเลี้ยงดูนั้น ตามกฎหมายหรือตามธรรมจรรยา"
287(1),เพื่อความประสงค์แห่งการค้า หรือโดยการค้า เพื่อการแจกจ่าย หรือเพื่อการแสดงอวดแก่ประชาชน ทำ ผลิต มีไว้ นำเข้าหรือยังให้นำเข้า ในราชอาณาจักร ส่งออกหรือยังให้ส่งออกไปนอกราชอาณาจักร พาไปหรือ ยังให้พาไปหรือทำให้แพร่หลายโดยประการใด ๆ ซึ่งเอกสาร ภาพเขียน ภาพพิมพ์ ภาพระบายสี สิ่งพิมพ์ รูปภาพ ภาพโฆษณา เครื่องหมาย รูปถ่าย ภาพยนตร์ แถบบันทึกเสียง แถบบันทึกภาพหรือสิ่งอื่นใดอันลามก
287(2),ประกอบการค้า หรือมีส่วนหรือเข้าเกี่ยวข้องกับการค้าเกี่ยวกับ วัตถุหรือสิ่งของลามกดังกล่าวแล้ว จ่ายแจกหรือแสดงอวดแก่ประชาชน หรือให้เช่นวัตถุหรือสิ่งของเช่นว่านั้น
287(3),เพื่อจะช่วยการทำให้แพร่หลาย หรือการค้าวัตถุหรือสิ่งของลามก ดังกล่าวแล้ว โฆษณาหรือไขข่าวโดยประการใด ๆ ว่ามีบุคคลกระทำการ อันเป็นความผิดตาม มาตรานี้ หรือโฆษณาหรือไขข่าวว่าวัตถุ หรือสิ่งของ ลามกดังกล่าวแล้วจะหาได้จากบุคคลใด หรือโดยวิธีใด
288,ผู้ใดฆ่าผู้อื่น ต้องระวางโทษประหารชีวิต จำคุก ตลอดชีวิต หรือจำคุกตั้งแต่สิบห้าปีถึงยี่สิบปี
289(1),ฆ่าบุพการี
289(2),ฆ่าเจ้าพนักงาน ซึ่งกระทำการตามหน้าที่ หรือเพราะเหตุ ที่จะกระทำ หรือได้กระทำการตามหน้าที่
289(3),ฆ่าผู้ช่วยเหลือเจ้าพนักงานในการที่เจ้าพนักงานนั้นกระทำ ตามหน้าที่ หรือเพราะเหตุที่บุคคลนั้นจะช่วยหรือได้ช่วยเจ้าพนักงาน ดังกล่าวแล้ว
289(4),ฆ่าผู้อื่นโดยไตร่ตรองไว้ก่อน
289(5),ฆ่าผู้อื่นโดยทรมานหรือโดยกระทำทารุณโหดร้าย
289(6),ฆ่าผู้อื่นเพื่อตระเตรียมการ หรือเพื่อความสะดวกในการ ที่จะกระทำความผิดอย่างอื่น
289(7),ฆ่าผู้อื่นเพื่อจะเอาหรือเอาไว้ซึ่งผลประโยชน์อันเกิดแต่การที่ ตนได้กระทำความผิดอื่น เพื่อปกปิดความผิดอื่นของตนหรือเพื่อ หลีกเลี่ยงให้พ้นอาญาในความผิดที่ตนได้กระทำไว้
290,"ผู้ใดมิได้มีเจตนาฆ่า แต่ทำร้ายผู้อื่นจนเป็นเหตุให้ผู้นั้น ถึงแก่ความตาย ต้องระวางโทษจำคุกตั้งแต่สามปีถึงสิบห้าปี
ถ้าความผิดนั้นมีลักษณะประการหนึ่งประการใดดังที่บัญญัติไว้ใน มาตรา 289 ผู้กระทำต้องระวางโทษจำคุกตั้งแต่สามปีถึงยี่สิบปี"
291,ผู้ใดกระทำโดยประมาท และการกระทำนั้นเป็นเหตุ ให้ผู้อื่นถึงแก่ความตาย ต้องระวางโทษจำคุกไม่เกินสิบปี และปรับไม่เกิน สองหมื่นบาท
292,ผู้ใดกระทำด้วยการปฏิบัติอันทารุณ หรือด้วยปัจจัย คล้ายคลึงกันแก่บุคคลซึ่งต้องพึ่งตน ในการดำรงชีพหรือในการอื่นใด เพื่อให้บุคคลฆ่าตนเอง ถ้าการฆ่าตนเองนั้นได้เกิดขึ้นหรือได้มีการ พยายามฆ่าตนเอง ต้องระวางโทษจำคุกไม่เกินเจ็ดปี และปรับไม่เกิน หนึ่งหมื่นสี่พันบาท 
293,ผู้ใดช่วยหรือยุยงเด็กอายุยังไม่เกินสิบหกปี หรือผู้ซึ่งไม่ สามารถเข้าใจว่าการกระทำของตนมีสภาพหรือสารสำคัญอย่างไร หรือไม่ สามารถบังคับการกระทำของตนได้ ให้ฆ่าตนเอง ถ้าการฆ่าตนเองนั้นได้ เกิดขึ้นหรือได้มีการพยายามฆ่าตนเอง ต้องระวางโทษจำคุกไม่เกินห้าปี หรือปรับไม่เกินหนึ่งหมื่นบาท หรือทั้งจำทั้งปรับ 
294,"ผู้ใดเข้าร่วมในการชุลมุนต่อสู้ระหว่างบุคคลตั้งแต่สามคน ขึ้นไป และบุคคลหนึ่งบุคคลใดไม่ว่าจะเป็นผู้เข้าร่วมในการนั้นหรือไม่ ถึงแก่ความตายโดยการกระทำในการชุลมุนต่อสู้นั้น ต้องระวางโทษจำคุก ไม่เกินสองปี หรือปรับไม่เกินสี่พันบาท หรือทั้งจำทั้งปรับ
ถ้าผู้ที่เข้าร่วมในการชุลมุนต่อสู้นั้นแสดงได้ว่า ได้กระทำไปเพื่อห้ามการ ชุลมุนต่อสู้นั้น หรือเพื่อป้องกันโดยชอบด้วยกฎหมายผู้นั้นไม่ต้องรับโทษ"
295,ผู้ใดทำร้ายผู้อื่นจนเป็นเหตุให้เกิดอันตรายแก่กาย หรือจิตใจของผู้อื่นนั้น ผู้นั้นกระทำความผิดฐานทำร้ายร่างกาย ต้องระวางโทษจำคุกไม่เกินสองปี หรือปรับไม่เกินสี่พันบาท หรือ ทั้งจำทั้งปรับ
296,ผู้ใดกระทำความผิดฐานทำร้ายร่างกาย ถ้าความผิด นั้น มีลักษณะประการหนึ่งประการใดดังที่บัญญัติไว้ใน มาตรา 289 ต้องระวางโทษจำคุกไม่เกินสามปี หรือปรับไม่เกินหกพันบาท หรือ ทั้งจำทั้งปรับ
297(1),"ผู้ใดกระทำความผิดฐานทำร้ายร่างกาย จนเป็นเหตุให้ ผู้ถูกกระทำร้ายรับอันตรายสาหัส ต้องระวางโทษจำคุกตั้งแต่หกเดือน ถึงสิบปี
อันตรายสาหัสนั้น คือ ตาบอด หูหนวก ลิ้นขาด หรือเสียฆานประสาท"
297(2),"ผู้ใดกระทำความผิดฐานทำร้ายร่างกาย จนเป็นเหตุให้ ผู้ถูกกระทำร้ายรับอันตรายสาหัส ต้องระวางโทษจำคุกตั้งแต่หกเดือน ถึงสิบปี
อันตรายสาหัสนั้น คือ เสียอวัยวะสืบพันธุ์ หรือความสามารถสืบพันธุ์"
297(3),"ผู้ใดกระทำความผิดฐานทำร้ายร่างกาย จนเป็นเหตุให้ ผู้ถูกกระทำร้ายรับอันตรายสาหัส ต้องระวางโทษจำคุกตั้งแต่หกเดือน ถึงสิบปี
อันตรายสาหัสนั้น คือ เสียแขน ขา มือ เท้า นิ้วหรืออวัยวะอื่นใด"
297(4),"ผู้ใดกระทำความผิดฐานทำร้ายร่างกาย จนเป็นเหตุให้ ผู้ถูกกระทำร้ายรับอันตรายสาหัส ต้องระวางโทษจำคุกตั้งแต่หกเดือน ถึงสิบปี
อันตรายสาหัสนั้น คือ หน้าเสียโฉมอย่างติดตัว"
297(5),"ผู้ใดกระทำความผิดฐานทำร้ายร่างกาย จนเป็นเหตุให้ ผู้ถูกกระทำร้ายรับอันตรายสาหัส ต้องระวางโทษจำคุกตั้งแต่หกเดือน ถึงสิบปี
อันตรายสาหัสนั้น คือ แท้งลูก"
297(6),"ผู้ใดกระทำความผิดฐานทำร้ายร่างกาย จนเป็นเหตุให้ ผู้ถูกกระทำร้ายรับอันตรายสาหัส ต้องระวางโทษจำคุกตั้งแต่หกเดือน ถึงสิบปี
อันตรายสาหัสนั้น คือ จิตพิการอย่างติดตัว"
297(7),"ผู้ใดกระทำความผิดฐานทำร้ายร่างกาย จนเป็นเหตุให้ ผู้ถูกกระทำร้ายรับอันตรายสาหัส ต้องระวางโทษจำคุกตั้งแต่หกเดือน ถึงสิบปี
อันตรายสาหัสนั้น คือ ทุพพลภาพ หรือป่วยเจ็บเรื้อรังซึ่งอาจถึงตลอดชีวิต"
297(8),"ผู้ใดกระทำความผิดฐานทำร้ายร่างกาย จนเป็นเหตุให้ ผู้ถูกกระทำร้ายรับอันตรายสาหัส ต้องระวางโทษจำคุกตั้งแต่หกเดือน ถึงสิบปี
อันตรายสาหัสนั้น คือ ทุพพลภาพหรือป่วยเจ็บด้วยอาการทุกขเวทนาเกินกว่า ยี่สิบวัน หรือจนประกอบกรณียกิจตามปกติไม่ได้เกินกว่ายี่สิบวัน"
298,ผู้ใดกระทำความผิดตาม มาตรา 297 ถ้าความผิด นั้นมีลักษณะประการหนึ่งประการใดดังที่บัญญัติไว้ใน มาตรา 289 ต้องระวางโทษจำคุกตั้งแต่สองปีถึงสิบปี
299,"ผู้ใดเข้าร่วมในการชุลมุนต่อสู้ระหว่างบุคคลแต่สามคนขึ้นไป และบุคคลหนึ่งบุคคลใดไม่ว่าจะเป็นผู้ที่เข้าร่วมในการนั้นหรือไม่ รับ อันตรายสาหัส โดยการกระทำในการชุลมุนต่อสู้นั้น ต้องระวางโทษจำคุก ไม่เกินหนึ่งปี หรือปรับไม่เกินสองพันบาท หรือทั้งจำทั้งปรับ
ถ้าผู้ที่เข้าร่วมในการชุลมุนต่อสู้นั้นแสดงได้ว่า ได้กระทำไปเพื่อห้ามการ ชุลมุนต่อสู้นั้น หรือเพื่อป้องกันโดยชอบด้วยกฎหมาย ผู้นั้นไม่ต้องรับโทษ "
300,ผู้ใดกระทำโดยประมาท และการกระทำนั้นเป็นเหตุให้ ผู้อื่นรับอันตรายสาหัส ต้องระวางโทษจำคุกไม่เกินสามปี หรือปรับไม่เกิน หกพันบาท หรือทั้งจำทั้งปรับ
301,หญิงใดทำให้ตนเองแท้งลูก หรือยอมให้ผู้อื่นทำให้ตนแท้งลูก ต้องระวางโทษจำคุกไม่เกินสามปี หรือปรับไม่เกินหกพันบาท หรือทั้งจำ ทั้งปรับ
302,"ผู้ใดทำให้หญิงแท้งลูกโดยหญิงนั้นยินยอม ต้องระวางโทษจำคุกไม่เกินห้าปี หรือปรับไม่เกินหนึ่งหมื่นบาท หรือทั้งจำทั้งปรับ
ถ้าการกระทำนั้นเป็นเหตุให้หญิงรับอันตรายสาหัสอย่างอื่นด้วย ผู้กระทำต้องระวางโทษจำคุกไม่เกินเจ็ดปี หรือปรับไม่เกินหนึ่งหมื่นสี่พันบาท หรือทั้ง จำทั้งปรับ
ถ้าการกระทำนั้นเป็นเหตุให้หญิงถึงแก่ความตาย ผู้กระทำต้องระวาง โทษจำคุกไม่เกินสิบปี และปรับไม่เกินสองหมื่นบาท"
303,"ผู้ใดทำให้หญิงแท้งลูกโดยหญิงนั้นไม่ยินยอม ต้อง ระวางโทษจำคุกไม่เกินเจ็ดปี หรือปรับไม่เกินหนึ่งหมื่นสี่พันบาท หรือทั้งจำทั้งปรับ
ถ้าการกระทำนั้นเป็นเหตุให้หญิงรับอันตรายสาหัสอย่างอื่นด้วย ผู้กระทำต้องระวางโทษจำคุกตั้งแต่หนึ่งปีถึงสิบปี และปรับตั้งแต่ สองพันบาทถึงสองหมื่นบาท
ถ้าการกระทำนั้นเป็นเหตุให้หญิงถึงแก่ความตาย ผู้กระทำต้อง ระวางโทษจำคุกตั้งแต่ห้าปีถึงยี่สิบปี และปรับตั้งแต่หนึ่งหมื่นบาท ถึงสี่หมื่นบาท "
306,ผู้ใดทอดทิ้งเด็กอายุยังไม่เกินเก้าปีไว้ ณ ที่ใดเพื่อให้เด็ก นั้นพ้นไปเสียจากตน โดยประการที่ทำให้เด็กนั้นปราศจากผู้ดูแล ต้องระวาง โทษจำคุกไม่เกินสามปี หรือปรับไม่เกินหกพันบาท หรือทั้งจำทั้งปรับ
307,ผู้ใดมีหน้าที่ตามกฎหมายหรือตามสัญญาต้องดูแลผู้ซึ่ง พึ่งตนตนเองมิได้ เพราะอายุ ความป่วยเจ็บ กายพิการ หรือจิตพิการ ทอดทิ้งผู้ซึ่งพึ่งตนเองมิได้นั้นเสียโดยประการที่น่าจะเป็นเหตุให้เกิด อันตรายแก่ชีวิต ต้องระวางโทษจำคุกไม่เกินสามปี หรือปรับไม่เกิน หกพันบาท หรือทั้งจำทั้งปรับ
308,ถ้าการกระทำความผิดตาม มาตรา 306 หรือ มาตรา 307 เป็นเหตุให้ผู้ถูกทอดทิ้งถึงแก่ความตาย หรือรับอันตรายสาหัส ผู้กระทำต้อง ระวางโทษดังที่บัญญัติไว้ใน มาตรา 290 มาตรา 297 หรือ มาตรา 298 นั้น
309,"ผู้ใดข่มขืนใจผู้อื่นให้กระทำการใด ไม่กระทำการใดหรือ จำยอมต่อสิ่งใด โดยทำให้กลัวว่าจะเกิดอันตรายต่อชีวิตร่างกาย เสรีภาพ ชื่อเสียงหรือทรัพย์สินของผู้ถูกข่มขืนใจนั้นเอง หรือของผู้อื่น หรือโดยใช้ กำลังประทุษร้ายจนผู้ถูกข่มขืนใจต้องกระทำการนั้น ไม่กระทำการนั้น หรือจำยอมต่อสิ่งนั้น ต้องระวางโทษจำคุกไม่เกินสามปี หรือปรับไม่เกิน หกพันบาท หรือทั้งจำทั้งปรับ
ถ้าความผิดตามวรรคแรกได้กระทำโดยมีอาวุธ หรือโดยร่วมกระทำ ความผิดด้วยกันตั้งแต่ห้าคนขึ้นไป หรือได้กระทำเพื่อให้ผู้ถูกข่มขืนใจทำ ถอน ทำให้เสียหาย หรือทำลายเอกสารสิทธิอย่างใดผู้กระทำต้องระวาง โทษจำคุกไม่เกินห้าปี หรือปรับไม่เกินหนึ่งหมื่นบาท หรือทั้งจำทั้งปรับ
ถ้ากระทำโดยอ้างอำนาจอั้งยี่หรือซ่องโจร ไม่ว่าอั้งยี่หรือซ่องโจรนั้นจะ มีอยู่หรือไม่ ผู้กระทำต้องระวางโทษจำคุกตั้งแต่หนึ่งปีถึงเจ็ดปีและปรับ ตั้งแต่สองพันบาทถึงหนึ่งหมื่นสี่พันบาท"
310,"ผู้ใดหน่วงเหนี่ยวหรือกักขังผู้อื่น หรือกระทำด้วยประการ ใดให้ผู้อื่นปราศจากเสรีภาพในร่างกาย ต้องระวางโทษจำคุกไม่เกินสามปี หรือปรับไม่เกินหกพันบาท หรือทั้งจำทั้งปรับ
ถ้าการกระทำความผิดตามวรรคแรก เป็นเหตุให้ผู้ถูกหน่วงเหนี่ยวถูกกัก ขัง หรือต้องปราศจากเสรีภาพในร่างกายนั้นถึงแก่ความตายหรือรับอันตราย สาหัส ผู้กระทำต้องระวางโทษดังที่บัญญัติไว้ใน มาตรา 290 มาตรา 297 หรือ มาตรา 298 นั้น"
310ทวิ,ผู้ใดหน่วงเหนี่ยวหรือกักขังผู้อื่น หรือกระทำด้วย ประการใดให้ผู้อื่นปราศจากเสรีภาพในร่างกาย และให้ผู้อื่นนั้นกระทำ การใดให้แก่ผู้กระทำหรือบุคคลอื่น ต้องระวางโทษจำคุกไม่เกินห้าปี และปรับไม่เกินหนึ่งหมื่นบาท
311,"ผู้ใดกระทำโดยประมาท และการกระทำนั้นเป็นเหตุ ให้ผู้อื่นถูกหน่วงเหนี่ยว ถูกกักขังหรือต้องปราศจากเสรีภาพในร่างกาย ต้องระวางโทษจำคุกไม่เกินหนึ่งปี หรือปรับไม่เกินสองพันบาท หรือ ทั้งจำทั้งปรับ
ถ้าการกระทำความผิดตามวรรคแรก เป็นเหตุให้ผู้ถูกหน่วงเหนี่ยว ถูกกักขังหรือต้องปราศจากเสรีภาพในร่างกายนั้นถึงแก่ความตาย หรือ รับอันตรายสาหัส ผู้กระทำต้องระวางโทษดังที่บัญญัติไว้ใน มาตรา 291 หรือ มาตรา 300"
312,ผู้ใดเพื่อจะเอาคนลงเป็นทาส หรือให้มีฐานะคล้ายทาส นำเข้าในหรือส่งออกไปนอกราชอาณาจักร พามาจากที่ใด ซื้อ ขาย จำหน่าย รับ หรือหน่วงเหนี่ยวซึ่งบุคคลหนึ่งบุคคลใดต้องระวางโทษจำคุกไม่เกิน เจ็ดปีและปรับไม่เกินหนึ่งหมื่นสี่พันบาท 
312ทวิ(1),"ถ้าการกระทำความผิดตาม มาตรา 310ทวิ หรือ มาตรา 312 เป็นการกระทำต่อเด็กอายุยังไม่เกินสิบห้าปี ผู้กระทำต้องระวางโทษ จำคุกตั้งแต่สามปีถึงสิบปี และปรับไม่เกินสองหมื่นบาท
ถ้าการกระทำความผิดตามวรรคแรก หรือ มาตรา 310ทวิ หรือ มาตรา 312 เป็นเหตุให้ผู้ถูกกระทำ รับอันตรายแก่กายหรือจิตใจ ผู้กระทำต้องระวางโทษจำคุกตั้งแต่ห้าปีถึงสิบห้าปี และปรับไม่เกินสามหมื่นบาท"
312ทวิ(2),"ถ้าการกระทำความผิดตาม มาตรา 310ทวิ หรือ มาตรา 312 เป็นการกระทำต่อเด็กอายุยังไม่เกินสิบห้าปี ผู้กระทำต้องระวางโทษ จำคุกตั้งแต่สามปีถึงสิบปี และปรับไม่เกินสองหมื่นบาท
ถ้าการกระทำความผิดตามวรรคแรก หรือ มาตรา 310ทวิ หรือ มาตรา 312 เป็นเหตุให้ผู้ถูกกระทำ รับอันตรายสาหัส ผู้กระทำต้องระวางโทษจำคุกตลอดชีวิต หรือจำคุกตั้งแต่สิบเจ็ดปีถึงยี่สิบปี"
312ทวิ(3),"ถ้าการกระทำความผิดตาม มาตรา 310ทวิ หรือ มาตรา 312 เป็นการกระทำต่อเด็กอายุยังไม่เกินสิบห้าปี ผู้กระทำต้องระวางโทษ จำคุกตั้งแต่สามปีถึงสิบปี และปรับไม่เกินสองหมื่นบาท
ถ้าการกระทำความผิดตามวรรคแรก หรือ มาตรา 310ทวิ หรือ มาตรา 312 เป็นเหตุให้ผู้ถูกกระทำ ถึงแก่ความตาย ผู้กระทำต้องระวางโทษประหารชีวิต จำคุกตลอดชีวิต หรือจำคุกตั้งแต่สิบห้าปีถึงยี่สิบปี"
312ตรี,"ผู้ใดโดยทุจริตรับไว้ จำหน่าย เป็นธุระจัดหา ล่อไป หรือพาไปซึ่งบุคคลอายุเกินสิบห้าปีแต่ยังไม่เกินสิบแปดปี แม้ผู้นั้นจะยินยอม ก็ตาม ต้องระวางโทษจำคุกไม่เกินห้าปี หรือปรับไม่เกินหนึ่งหมื่นบาท หรือ ทั้งจำทั้งปรับ
ถ้าการกระทำความผิดตามวรรคแรกเป็นการกระทำแก่เด็กอายุยังไม่เกิน สิบห้าปี ผู้กระทำ ต้องระวางโทษจำคุกไม่เกินเจ็ดปี หรือปรับไม่เกินหนึ่งหมื่น สี่พันบาท หรือทั้งจำทั้งปรับ"
313(1),"ผู้ใดเพื่อให้ได้มาซึ่งค่าไถ่ เอาตัวเด็กอายุไม่เกินสิบห้าปีไป ถ้าการกระทำความผิดตามวรรคแรกเป็นเหตุให้ผู้ถูกเอาตัวไป ผู้ถูก หน่วงเหนี่ยวหรือผู้ถูกกักขังนั้นรับอันตรายสาหัสหรือเป็นการกระทำโดย ทรมานหรือโดยทารุณโหดร้าย จนเป็นเหตุให้ผู้ถูกกระทำนั้นรับอันตราย แก่กาย หรือจิตใจ ผู้กระทำต้องระวางโทษประหารชีวิต หรือจำคุก
ตลอดชีวิต
ถ้าการกระทำความผิดนั้นเป็นเหตุให้ผู้ถูกเอาตัวไปผู้ถูกหน่วงเหนี่ยว หรือผู้ถูกกักขังนั้นถึงแก่ความตาย ผู้กระทำต้องระวางโทษประหารชีวิต"
313(2),"ผู้ใดเพื่อให้ได้มาซึ่งค่าไถ่ เอาตัวบุคคลอายุกว่าสิบห้าปีไป โดยใช้อุบายหลอกลวง ขู่เข็ญ ใช้กำลังประทุษร้าย ใช้อำนาจครอบงำผิดคลองธรรม หรือใช้วิธีข่มขืนใจ ด้วยประการอื่นใด ถ้าการกระทำความผิดตามวรรคแรกเป็นเหตุให้ผู้ถูกเอาตัวไป ผู้ถูก หน่วงเหนี่ยวหรือผู้ถูกกักขังนั้นรับอันตรายสาหัสหรือเป็นการกระทำโดย ทรมานหรือโดยทารุณโหดร้าย จนเป็นเหตุให้ผู้ถูกกระทำนั้นรับอันตราย แก่กาย หรือจิตใจ ผู้กระทำต้องระวางโทษประหารชีวิต หรือจำคุก
ตลอดชีวิต
ถ้าการกระทำความผิดนั้นเป็นเหตุให้ผู้ถูกเอาตัวไปผู้ถูกหน่วงเหนี่ยว หรือผู้ถูกกักขังนั้นถึงแก่ความตาย ผู้กระทำต้องระวางโทษประหารชีวิต"
313(3),"ผู้ใดเพื่อให้ได้มาซึ่งค่าไถ่ หน่วงเหนี่ยวหรือกักขังบุคคลใด ถ้าการกระทำความผิดตามวรรคแรกเป็นเหตุให้ผู้ถูกเอาตัวไป ผู้ถูก หน่วงเหนี่ยวหรือผู้ถูกกักขังนั้นรับอันตรายสาหัสหรือเป็นการกระทำโดย ทรมานหรือโดยทารุณโหดร้าย จนเป็นเหตุให้ผู้ถูกกระทำนั้นรับอันตราย แก่กาย หรือจิตใจ ผู้กระทำต้องระวางโทษประหารชีวิต หรือจำคุก
ตลอดชีวิต
ถ้าการกระทำความผิดนั้นเป็นเหตุให้ผู้ถูกเอาตัวไปผู้ถูกหน่วงเหนี่ยว หรือผู้ถูกกักขังนั้นถึงแก่ความตาย ผู้กระทำต้องระวางโทษประหารชีวิต"
314,ผู้ใดเป็นผู้สนับสนุนในการกระทำความผิดตาม มาตรา 313 ต้องระวางโทษเช่นเดียวกับตัวการในความผิดนั้น
315,ผู้ใดกระทำการเป็นคนกลาง โดยเรียก รับหรือยอมจะรับ ทรัพย์สินหรือประโยชน์อย่างใดที่มิควรได้ จากผู้กระทำความผิดตาม มาตรา 313 หรือจากผู้ที่จะให้ค่าไถ่ ต้องระวางโทษจำคุกตั้งแต่สิบห้าปี ถึงยี่สิบปีและปรับตั้งแต่สามหมื่นบาทถึงสี่หมื่นบาท หรือจำคุกตลอดชีวิต
316,ผู้ใดกระทำความผิดตาม มาตรา 313 มาตรา 314 หรือ มาตรา 315 จัดให้ผู้ถูกเอาตัวไป ผู้ถูกหน่วงเหนี่ยวหรือผู้ถูกกักขังได้รับ เสรีภาพก่อนศาลชั้นต้นพิพากษา โดยผู้นั้นมิได้รับอันตรายสาหัสหรือตกอยู่ ในภาวะอันใกล้จะเป็นอันตรายต่อชีวิต ให้ลงโทษน้อยกว่าที่กฎหมายกำหนด ไว้ แต่ไม่น้อยกว่ากึ่งหนึ่ง
317,"ผู้ใดโดยปราศจากเหตุอันสมควร พรากเด็กอายุยังไม่เกิน สิบห้าปีไปเสียจากบิดามารดา ผู้ปกครอง หรือผู้ดูแล ต้องระวางโทษจำคุก ตั้งแต่สามปีถึงสิบห้าปี และปรับตั้งแต่หกพันบาทถึงสามหมื่นบาท
ผู้ใดโดยทุจริต ซื้อ จำหน่าย หรือรับตัวเด็กซึ่งถูกพรากตามวรรคแรก ต้องระวางโทษเช่นเดียวกับผู้พรากนั้น
ถ้าความผิดตาม มาตรานี้ ได้กระทำเพื่อหากำไร หรือเพื่อการอนาจาร ผู้นั้นกระทำต้องระวางโทษจำคุกตั้งแต่ห้าปีถึงยี่สิบปี และปรับตั้งแต่ หนึ่งหมื่นบาทถึงสี่หมื่นบาท"
318,"ผู้ใดพรากผู้เยาว์อายุกว่าสิบห้าปี แต่ยังไม่เกินสิบแปดปี ไปเสียจากบิดามารดา ผู้ปกครอง หรือผู้ดูแล โดยผู้เยาว์นั้นไม่เต็มใจไป ด้วยต้องระวางโทษจำคุกตั้งแต่สองปีถึงสิบปี และปรับตั้งแต่สี่พันบาท ถึงสองหมื่นบาท
ผู้ใดโดยทุจริต ซื้อ จำหน่าย หรือรับตัวผู้เยาว์ซึ่งถูกพรากตามวรรคแรก ต้องระวางโทษเช่นเดียวกับผู้พรากนั้น
ถ้าความผิดตาม มาตรานี้ ได้กระทำเพื่อหากำไร หรือเพื่อการอนาจาร ผู้กระทำต้องระวางโทษจำคุกตั้งแต่สามปีถึงสิบห้าปีและปรับตั้งแต่หกพัน บาท ถึงสามหมื่นบาท"
319,"ผู้ใดพรากผู้เยาว์อายุกว่าสิบห้าปี แต่ยังไม่เกินสิบแปดปีไป เสียจากบิดามารดา ผู้ปกครอง หรือผู้ดูแล เพื่อหากำไรหรือเพื่อการอนาจาร โดยผู้เยาว์นั้นเต็มใจไปด้วย ต้องระวางโทษจำคุกตั้งแต่สองปีถึงสิบปี และ ปรับตั้งแต่สี่พันบาทถึงสองหมื่นบาท
ผู้ใดโดยทุจริต ซื้อ จำหน่าย หรือรับตัวผู้เยาว์ซึ่งถูกพรากตามวรรคแรก ต้องระวางโทษเช่นเดียวกับผู้พรากนั้น"
320,"ผู้ใดใช้อุบายหลอกลวง ขู่เข็ญ ใช้กำลังประทุษร้าย ใช้อำนาจครอบงำผิดคลองธรรม หรือใช้วิธีข่มขืนใจด้วยประการอื่นใด พาหรือส่งคนออกไปนอกราชอาณาจักร ต้องระวางโทษจำคุกตั้งแต่สองปี ถึงสิบปี หรือปรับตั้งแต่สี่พันบาทถึงสองหมื่นบาท หรือทั้งจำทั้งปรับ
ถ้าการกระทำความผิดตามวรรคแรก ได้กระทำเพื่อให้ผู้ถูกพาหรือ ส่งไปนั้นตกอยู่ในอำนาจของผู้อื่นโดยมิชอบด้วยกฎหมาย หรือเพื่อละทิ้ง ให้เป็นคนอนาถา ผู้กระทำต้องระวางโทษจำคุกตั้งแต่ สามปีถึงสิบห้าปี และปรับตั้งแต่หกพันบาทถึงสามหมื่นบาท"
322,ผู้ใดเปิดผนึกหรือเอาจดหมาย โทรเลขหรือเอกสารใด ๆ ซึ่งปิดผนึกของผู้อื่นไป เพื่อล่วงรู้ข้อความก็ดี เพื่อนำข้อความในจดหมาย โทรเลข หรือเอกสารเช่นว่านั้นออกเปิดเผยก็ดี ถ้าการกระทำนั้นน่าจะเกิด ความเสียหายแก่ผู้หนึ่งผู้ใด ต้องระวางโทษจำคุกไม่เกินหกเดือน หรือปรับ ไม่เกินหนึ่งพันบาท หรือทั้งจำทั้งปรับ
323,"ผู้ใดล่วงรู้หรือได้มาซึ่งความลับของผู้อื่น โดยเหตุ ที่เป็นเจ้าพนักงานผู้มีหน้าที่ โดยเหตุที่ประกอบอาชีพเป็นแพทย์ เภสัชกร คนจำหน่ายยา นางผดุงครรภ์ ผู้พยาบาล นักบวช หมอความ ทนายความ หรือผู้สอบบัญชีหรือโดยเหตุที่เป็นผู้ช่วยในการประกอบ อาชีพนั้น แล้วเปิดเผยความลับนั้นในประการที่น่าจะเกิดความเสียหาย แก่ผู้หนึ่งผู้ใด ต้องระวางโทษจำคุกไม่เกินหกเดือน หรือปรับไม่เกิน หนึ่งพันบาท หรือทั้งจำทั้งปรับ
ผู้รับการศึกษาอบรมในอาชีพดังกล่าวในวรรคแรก เปิดเผยความลับ ของผู้อื่น อันตนได้ล่วงรู้หรือได้มาในการศึกษาอบรมนั้น ในประการ ที่น่าจะเกิดความเสียหายแต่ผู้หนึ่งผู้ใด ต้องระวางโทษเช่นเดียวกัน "
324,ผู้ใดโดยเหตุที่ตนมีตำแหน่งหน้าที่ วิชาชีพ หรือ อาชีพอันเป็นที่ไว้วางใจ ล่วงรู้หรือได้มาซึ่งความลับของผู้อื่นเกี่ยว กับอุตสาหกรรม การค้นพบ หรือการนิมิตในวิทยาศาสตร์ เปิดเผยหรือ ใช้ความลับนั้น เพื่อประโยชน์ตนเองหรือผู้อื่น ต้องระวางโทษจำคุกไม่ เกินหกเดือน หรือปรับไม่เกินหนึ่งพันบาท หรือทั้งจำทั้งปรับ 
326,"ผู้ใดใส่ความผู้อื่นต่อบุคคลที่สาม โดยประการที่น่าจะ ทำให้ผู้อื่นนั้นเสียชื่อเสียง ถูกดูหมิ่นหรือถูกเกลียดชัง ผู้นั้นกระทำ
ความผิดฐานหมิ่นประมาท ต้องระวางโทษจำคุกไม่เกินหนึ่งปี หรือ ปรับไม่เกินสองหมื่นบาทหรือทั้งจำทั้งปรับ"
327,ผู้ใดใส่ความผู้ตายต่อบุคคลที่สามและการใส่ความนั้น น่าจะเป็นเหตุให้ บิดา มารดา คู่สมรส หรือบุตรของผู้ตายเสียชื่อเสียง ถูกดูหมิ่นหรือถูกเกลียดชัง ผู้นั้นกระทำความผิดฐานหมิ่นประมาท ต้องระวางโทษดังบัญญัติไว้ใน มาตรา 326 นั้น
328,ถ้าความผิดฐานหมิ่นประมาทได้กระทำโดยการโฆษณา ด้วยเอกสาร ภาพวาด ภาพระบายสี ภาพยนตร์ ภาพหรือตัวอักษรที่ ทำให้ปรากฏด้วยวิธีใด ๆ แผ่นเสียง หรือสิ่งบันทึกเสียง บันทึกภาพ หรือบันทึกอักษร กระทำโดยการกระจายเสียง หรือการกระจายภาพ หรือโดยกระทำการป่าวประกาศด้วยวิธีอื่น ผู้กระทำต้องระวางโทษ จำคุกไม่เกินสองปีและปรับไม่เกินสองแสนบาท
334,ผู้ใดเอาทรัพย์ของผู้อื่น หรือที่ผู้อื่นเป็นเจ้าของรวม อยู่ด้วยไปโดยทุจริต ผู้นั้นกระทำความผิดฐานลักทรัพย์ ต้องระวาง โทษจำคุกไม่เกินสามปี และปรับไม่เกินหกพันบาท
335,ผู้ใดลักทรัพย์
335(1),ผู้ใดลักทรัพย์ ในเวลากลางคืน
335(2),ผู้ใดลักทรัพย์ ในที่หรือบริเวณที่มีเหตุเพลิงไหม้ การระเบิด อุทกภัย หรือ ในที่หรือบริเวณที่มีอุบัติเหตุ เหตุทุกขภัยแก่รถไฟ หรือยานพาหนะ อื่นที่ประชาชนโดยสาร หรือภัยพิบัติอื่นทำนองเดียวกันหรืออาศัย โอกาสที่มีเหตุเช่นว่านั้น หรืออาศัยโอกาสที่ประชาชนกำลังตื่นกลัว ภยันตรายใด ๆ
335(3),ผู้ใดลักทรัพย์ โดยทำอันตรายสิ่งกีดกั้นสำหรับคุ้มครองบุคคลหรือทรัพย์ หรือโดยผ่านสิ่งเช่นว่านั้นเข้าไปด้วยประการใด ๆ
335(4),ผู้ใดลักทรัพย์ โดยเข้าทางช่องทางซึ่งได้ทำขึ้นโดยไม่ได้จำนงให้เป็นทาง คนเข้า หรือเข้าทางช่องทางซึ่งผู้เป็นใจเปิดไว้ให้
335(5),ผู้ใดลักทรัพย์ โดยแปลงตัวหรือปลอมตัวเป็นผู้อื่น มอมหน้าหรือทำด้วย ประการอื่นเพื่อไม่ให้เห็นหรือจำหน้าได้
335(6),ผู้ใดลักทรัพย์ โดยลวงว่าเป็นเจ้าพนักงาน
335(7),ผู้ใดลักทรัพย์ โดยมีอาวุธ หรือโดยร่วมกระทำความผิดด้วยกันตั้งแต่สอง คนขึ้นไป
335(8),ผู้ใดลักทรัพย์ ในเคหสถาน สถานที่ราชการหรือสถานที่ที่จัดไว้เพื่อให้ บริการสาธารณที่ตนได้เข้าไปโดยไม่ได้รับอนุญาต หรือซ่อนตัวอยู่ ในสถานที่นั้น ๆ
335(9),ผู้ใดลักทรัพย์ ในสถานที่บูชาสาธารณ สถานีรถไฟ ท่าอากาศยานที่จอดรถ หรือเรือสาธารณ สาธารณสถานสำหรับขนถ่ายสินค้า หรือในยวดยานสาธารณ
335(10),ผู้ใดลักทรัพย์  ที่ใช้หรือมีไว้เพื่อสาธารณประโยชน์
335(11),ผู้ใดลักทรัพย์ ที่เป็นของนายจ้างหรือที่อยู่ในความครอบครองของนายจ้าง
335(12),ผู้ใดลักทรัพย์ ที่เป็นของผู้มีอาชีพกสิกรรม บรรดาที่เป็นผลิตภัณฑ์ พืชพันธุ์ สัตว์หรือเครื่องมืออันมีไว้สำหรับประกอบกสิกรรมหรือได้มา จากการกสิกรรมนั้น
335ทวิ,"ผู้ใดลักทรัพย์ที่เป็นพระพุทธรูปหรือวัตถุใน ทางศาสนา ถ้าทรัพย์นั้นเป็นที่สักการะบูชาของประชาชน หรือเก็บ รักษาไว้เป็นสมบัติของชาติ หรือส่วนหนึ่งส่วนใดของพระพุทธรูป หรือวัตถุดังกล่าวต้องระวางโทษจำคุกตั้งแต่สามปีถึงสิบปี และปรับ ตั้งแต่หกพันบาทถึงสองหมื่นบาท
ถ้าการกระทำความผิดตามวรรคแรก ได้กระทำในวัด สำนักสงฆ์ สถานอันเป็นที่เคารพในทางศาสนา โบราณสถานอันเป็นทรัพย์สินของ แผ่นดิน สถานที่ราชการหรือพิพิธภัณฑสถานแห่งชาติ ผู้กระทำต้อง ระวางโทษจำคุกตั้งแต่ห้าปีถึงสิบห้าปี และปรับตั้งแต่หนึ่งหมื่นบาท ถึงสามหมื่นบาท"
336,"ผู้ใดลักทรัพย์โดยฉกฉวยเอาซึ่งหน้า ผู้นั้นกระทำ ความผิดฐานวิ่งราวทรัพย์ ต้องระวางโทษจำคุกไม่เกินห้าปีและปรับ ไม่เกินหนึ่งหมื่นบาท
ถ้าการวิ่งราวทรัพย์เป็นเหตุให้ผู้อื่นรับอันตรายแก่กายหรือจิตใจ ผู้กระทำต้องระวางโทษจำคุกตั้งแต่สองปีถึงเจ็ดปี และปรับตั้งแต่ สี่พันบาทถึงหนึ่งหมื่นสี่พันบาท
ถ้าการวิ่งราวทรัพย์เป็นเหตุให้ผู้อื่นรับอันตรายสาหัส ผู้กระทำ ต้องระวางโทษจำคุกตั้งแต่สามปีถึงสิบปี และปรับตั้งแต่หกพันบาท ถึงสองหมื่นบาท
ถ้าการวิ่งราวทรัพย์เป็นเหตุให้ผู้อื่นถึงแก่ความตาย ผู้กระทำต้อง ระวางโทษจำคุกตั้งแต่ห้าปีถึงสิบห้าปี และปรับตั้งแต่หนึ่งหมื่นบาท ถึงสามหมื่นบาท "
337(1),ผู้ใดข่มขืนใจผู้อื่นให้ยอมให้หรือยอมจะให้ตนหรือผู้อื่น ได้ประโยชน์ในลักษณะที่เป็นทรัพย์สิน โดยใช้กำลังประทุษร้ายหรือ โดยขู่เข็ญว่าจะทำอันตรายต่อชีวิต ร่างกาย เสรีภาพ ชื่อเสียงหรือ ทรัพย์สินของผู้ถูกขู่เข็ญ หรือของบุคคลที่สาม จนผู้ถูกข่มขืนใจยอม เช่นว่านั้น ผู้นั้นกระทำความผิดฐานกรรโชก ขู่ว่าจะฆ่า ขู่ว่าจะทำร้ายร่างกายให้ผู้ถูกข่มขืนใจหรือผู้อื่น ให้ได้รับอันตรายสาหัส หรือขู่ว่าจะทำให้เกิดเพลิงไหม้แก่ทรัพย์ของ ผู้ถูกข่มขืนใจหรือผู้อื่น
337(2),ผู้ใดข่มขืนใจผู้อื่นให้ยอมให้หรือยอมจะให้ตนหรือผู้อื่น ได้ประโยชน์ในลักษณะที่เป็นทรัพย์สิน โดยใช้กำลังประทุษร้ายหรือ โดยขู่เข็ญว่าจะทำอันตรายต่อชีวิต ร่างกาย เสรีภาพ ชื่อเสียงหรือ ทรัพย์สินของผู้ถูกขู่เข็ญ หรือของบุคคลที่สาม จนผู้ถูกข่มขืนใจยอม เช่นว่านั้น ผู้นั้นกระทำความผิดฐานกรรโชก มีอาวุธติดตัวมาขู่เข็ญ
338,ผู้ใดข่มขืนใจผู้อื่นให้ยอมให้หรือยอมจะให้ตนหรือผู้อื่น ได้ประโยชน์ในลักษณะที่เป็นทรัพย์สิน โดยการขู่เข็ญว่าจะเปิดเผย ความลับซึ่งการเปิดเผยนั้นจะทำให้ผู้ถูกขู่เข็ญหรือบุคคลที่สามเสียหาย จนผู้ถูกข่มขืนใจยอมเช่นว่านั้น ผู้นั้นกระทำความผิดฐานรีดเอาทรัพย์ ต้องระวางโทษจำคุกตั้งแต่หนึ่งปีถึงสิบปีและปรับตั้งแต่สองพันบาท ถึงสองหมื่นบาท 
339(1),ผู้ใดลักทรัพย์โดยใช้กำลังประทุษร้าย หรือขู่เข็ญว่า ในทันใดนั้นจะใช้กำลังประทุษร้าย เพื่อให้ความสะดวกแก่การลักทรัพย์หรือการพาทรัพย์นั้นไป ผู้นั้นกระทำความผิดฐานชิงทรัพย์
339(2),ผู้ใดลักทรัพย์โดยใช้กำลังประทุษร้าย หรือขู่เข็ญว่า ในทันใดนั้นจะใช้กำลังประทุษร้าย เพื่อให้ยื่นให้ซึ่งทรัพย์นั้น ผู้นั้นกระทำความผิดฐานชิงทรัพย์
339(3),ผู้ใดลักทรัพย์โดยใช้กำลังประทุษร้าย หรือขู่เข็ญว่า ในทันใดนั้นจะใช้กำลังประทุษร้าย เพื่อยึดถือเอาทรัพย์นั้นไว้ ผู้นั้นกระทำความผิดฐานชิงทรัพย์
339(4),ผู้ใดลักทรัพย์โดยใช้กำลังประทุษร้าย หรือขู่เข็ญว่า ในทันใดนั้นจะใช้กำลังประทุษร้าย เพื่อปกปิดการกระทำความผิดนั้น ผู้นั้นกระทำความผิดฐานชิงทรัพย์
339(5),ผู้ใดลักทรัพย์โดยใช้กำลังประทุษร้าย หรือขู่เข็ญว่า ในทันใดนั้นจะใช้กำลังประทุษร้าย เพื่อให้พ้นจากการจับกุม ผู้นั้นกระทำความผิดฐานชิงทรัพย์
340,ผู้ใดชิงทรัพย์โดยร่วมกันกระทำความผิดด้วยกันตั้งแต่ สามคนขึ้นไป ผู้นั้นกระทำความผิดฐานปล้นทรัพย์ ถ้าในการปล้นทรัพย์ผู้กระทำแม้แต่คนหนึ่งคนใด มีอาวุธติดตัวไป ถ้าการปล้นทรัพย์เป็นเหตุให้ผู้อื่นรับอันตรายสาหัส ถ้าการปล้นทรัพย์ได้กระทำโดยแสดงความทารุณ จนเป็นเหตุให้ ผู้อื่นรับอันตรายแก่กายหรือจิตใจ ใช้ปืนยิง ใช้วัตถุระเบิดหรือกระทำ ทรมานผู้ ถ้าการปล้นทรัพย์เป็นเหตุให้ผู้อื่นถึงแก่ความตาย
340ทวิ,"ถ้าการปล้นทรัพย์ได้กระทำต่อทรัพย์ตาม มาตรา 335ทวิ วรรคแรก ผู้กระทำต้องระวางโทษจำคุกตั้งแต่สิบปีถึงยี่สิบปี และปรับตั้งแต่สองหมื่นบาทถึงสี่หมื่นบาท
ถ้าการปล้นทรัพย์นั้นเป็นการกระทำในสถานที่ดังที่บัญญัติไว้ใน มาตรา 335ทวิ วรรคสอง ด้วย 
ผู้กระทำต้องระวางโทษจำคุกตั้งแต่ สิบห้าปีถึงยี่สิบปี และปรับตั้งแต่สามหมื่นบาทถึงสี่หมื่นบาท
ถ้าการปล้นทรัพย์ตามวรรคแรกหรือวรรคสอง ผู้กระทำแม้แต่ คนหนึ่งคนใดมีอาวุธติดตัวไปด้วย 
ผู้กระทำต้องระวางโทษจำคุกตลอดชีวิต หรือจำคุกตั้งแต่สิบห้าปีถึงยี่สิบปี
ถ้าการปล้นทรัพย์ตามวรรคแรกหรือวรรคสองเป็นเหตุให้ผู้อื่นรับ อันตรายสาหัส ผู้กระทำต้องระวางโทษจำคุกตลอดชีวิต
ถ้าการปล้นทรัพย์ตามวรรคแรกหรือวรรคสองได้กระทำโดยแสดง ความทารุณจนเป็นเหตุให้ผู้อื่นรับอันตรายแก่กายหรือจิตใจ ใช้ปืนยิง ใช้วัตถุระเบิดหรือกระทำทรมาน ผู้กระทำต้องระวางโทษประหารชีวิต หรือจำคุกตลอดชีวิต
ถ้าการปล้นทรัพย์ตามวรรคแรกหรือวรรคสองเป็นเหตุให้ผู้อื่นถึง แก่ความตาย ผู้กระทำต้องระวางโทษประหารชีวิต"
341,ผู้ใดโดยทุจริต หลอกลวงผู้อื่นด้วยการแสดงข้อความ อันเป็นเท็จ หรือปกปิดข้อความจริงซึ่งควรบอกให้แจ้งและโดยการหลอก ลวงดังว่านั้นได้ไปซึ่งทรัพย์สินจากผู้ถูกหลอกลวง หรือบุคคลที่สามหรือ ทำให้ผู้ถูกหลอกลวงหรือบุคคลที่สามทำ ถอนหรือทำลายเอกสารสิทธิ ผู้นั้นกระทำความผิดฐานฉ้อโกง ต้องระวางโทษจำคุกไม่เกินสามปี หรือ ปรับไม่เกินหกพันบาท หรือทั้งจำทั้งปรับ
342(1),ถ้าในการกระทำความผิดฐานฉ้อโกง ผู้กระทำแสดงตนเป็นคนอื่น
342(2),ถ้าในการกระทำความผิดฐานฉ้อโกง อาศัยความเบาปัญญาของผู้ถูกหลอกลวงซึ่งเป็นเด็ก หรืออาศัย ความอ่อนแอทางจิตของผู้ถูกหลอกลวง
343,"ถ้าการกระทำความผิดตาม มาตรา 341 ได้กระทำ ด้วยการแสดงข้อความอันเป็นเท็จต่อประชาชน หรือด้วยการปกปิด ความจริง ซึ่งควรบอกให้แจ้งแก่ประชาชน ผู้กระทำต้องระวางโทษ จำคุกไม่เกินห้าปี หรือปรับไม่เกินหนึ่งหมื่นบาท หรือทั้งจำทั้งปรับ
ถ้าการกระทำความผิดดังกล่าวในวรรคแรก ต้องด้วยลักษณะ ดังกล่าวใน มาตรา 342 อนุมาตรา หนึ่งอนุมาตราด้วย ผู้กระทำต้องระวางโทษจำคุกตั้งแต่หกเดือนถึงเจ็ดปี และปรับตั้งแต่หนึ่งพัน บาทถึงหนึ่งหมื่นสี่พันบาท"
344,ผู้ใดโดยทุจริต หลอกลวงบุคคลตั้งแต่สิบคนขึ้นไป ให้ประกอบการงานอย่างใด ๆ ให้แก่ตนหรือให้บุคคลที่สามโดยจะ ไม่ใช้ค่าแรงงานหรือค่าจ้างแก่บุคคลเหล่านั้น หรือโดยจะใช้ค่าแรงงาน หรือค่าจ้างแก่บุคคลเหล่านั้นต่ำกว่าที่ตกลงกัน ต้องระวางโทษจำคุก ไม่เกินสามปี หรือปรับไม่เกินหกพันบาท หรือทั้งจำทั้งปรับ 
345,ผู้ใดสั่งซื้อและบริโภคอาหารหรือเครื่องดื่มหรือเข้าอยู่ ในโรงแรม โดยรู้ว่าตนไม่สามารถชำระเงินค่าอาหาร ค่าเครื่องดื่ม หรือ ค่าอยู่ในโรงแรมนั้น ต้องระวางโทษจำคุกไม่เกินสามเดือน หรือปรับ ไม่เกินห้าร้อยบาท หรือทั้งจำทั้งปรับ
346,ผู้ใดเพื่อเอาทรัพย์สินของผู้อื่นเป็นของตนหรือของ บุคคลที่สาม ชักจูงผู้หนึ่งผู้ใดให้จำหน่ายโดยเสียเปรียบซึ่งทรัพย์สิน โดยอาศัยเหตุที่ผู้ถูกชักจูงมีจิตอ่อนแอหรือเป็นเด็กเบาปัญญา และ ไม่สามารถเข้าใจตามควรซึ่งสารสำคัญแห่งการกระทำของตน จนผู้ ถูกชักจูงจำหน่ายซึ่งทรัพย์สินนั้น ต้องระวางโทษจำคุกไม่เกินสองปี หรือปรับไม่เกินสี่พันบาท หรือทั้งจำทั้งปรับ
347,ผู้ใดเพื่อให้ตนเองหรือผู้อื่นได้รับประโยชน์จากการ ประกันวินาศภัย แกล้งทำให้เกิดเสียหายแต่ทรัพย์สินอันเป็นวัตถุที่ เอาประกันภัย ต้องระวางโทษจำคุกไม่เกินห้าปี หรือปรับไม่เกิน หนึ่งหมื่นบาท หรือทั้งจำทั้งปรับ 
349,ผู้ใดเอาไปเสีย ทำให้เสียหาย ทำลาย ทำให้เสื่อมค่า หรือทำให้ไร้ประโยชน์ ซึ่งทรัพย์อันตนจำนำไว้แก่ผู้อื่น ถ้าได้กระทำ เพื่อให้เกิดความเสียหายแก่ผู้รับจำนำ ต้องระวางโทษจำคุกไม่เกิน สองปี หรือปรับไม่เกินสี่พันบาท หรือทั้งจำทั้งปรับ
350,ผู้ใดเพื่อมิให้เจ้าหนี้ของตนหรือของผู้อื่นได้รับชำระ หนี้ทั้งหมดหรือแต่บางส่วน ซึ่งได้ใช้หรือจะใช้สิทธิเรียกร้องทางศาล ให้ชำระหนี้ ย้ายไปเสีย ซ่อนเร้นหรือโอนไปให้ผู้อื่นซึ่งทรัพย์ใดก็ดี แกล้งให้ตนเองเป็นหนี้จำนวนใดอันไม่เป็นความจริงก็ดี ต้องระวาง โทษจำคุกไม่เกินสองปี หรือปรับไม่เกินสี่พันบาท หรือทั้งจำทั้งปรับ 
352,"ผู้ใดครอบครองทรัพย์ซึ่งเป็นของผู้อื่น หรือซึ่งผู้อื่น เป็นเจ้าของรวมอยู่ด้วย เบียดบังเอาทรัพย์นั้นเป็นของตนหรือบุคคล ที่สามโดยทุจริต ผู้นั้นกระทำความผิดฐานยักยอก ต้องระวางโทษ จำคุกไม่เกินสามปี หรือปรับไม่เกินหกพันบาท หรือทั้งจำทั้งปรับ
ถ้าทรัพย์นั้นได้ตกมาอยู่ในความครอบครองของผู้กระทำความผิด เพราะผู้อื่นส่งมอบให้โดยสำคัญผิดไปด้วยประการใด หรือเป็นทรัพย์ สินหายซึ่งผู้กระทำความผิดเก็บได้ ผู้กระทำต้องระวางโทษแต่เพียง กึ่งหนึ่ง"
353,ผู้ใดได้รับมอบหมายให้จัดการทรัพย์สินของผู้อื่นหรือ ทรัพย์สินซึ่งผู้อื่นเป็นเจ้าของรวมอยู่ด้วย กระทำผิดหน้าที่ของตนด้วย ประการใด ๆ โดยทุจริต จนเป็นเหตุให้เกิดความเสียหายแก่ประโยชน์ ในลักษณะที่เป็นทรัพย์สินของผู้นั้น ต้องระวางโทษจำคุกไม่เกินสามปี หรือปรับไม่เกินหกพันบาท หรือทั้งจำทั้งปรับ 
354,ถ้าการกระทำความผิดตาม มาตรา 352 หรือ มาตรา 353 ได้กระทำในฐานที่ผู้กระทำความผิดเป็นผู้จัดการทรัพย์สินของ ผู้อื่น ตามคำสั่งของศาล หรือตามพินัยกรรม หรือในฐานเป็นผู้มีอาชีพ หรือธุรกิจ อันย่อมเป็นที่ไว้วางใจของประชาชน ผู้กระทำต้องระวาง โทษจำคุกไม่เกินห้าปี หรือปรับไม่เกินหนึ่งหมื่นบาท หรือทั้งจำทั้งปรับ
355,ผู้ใดเก็บได้ซึ่งสังหาริมทรัพย์อันมีค่า อันซ่อนหรือฝัง ไว้โดยพฤติการณ์ซึ่งไม่มีผู้ใดอ้างว่าเป็นเจ้าของได้ แล้วเบียดบังเอา ทรัพย์นั้นเป็นของตนหรือของผู้อื่น ต้องระวางโทษจำคุกไม่เกินหนึ่งปี หรือปรับไม่เกินสองพันบาท หรือทั้งจำทั้งปรับ 
357,"ผู้ใดช่วยซ่อนเร้น ช่วยจำหน่าย ช่วยพาเอาไปเสีย ซื้อ รับจำนำหรือรับไว้โดยประการใด ซึ่งทรัพย์อันได้มาโดยการกระ ทำความผิดถ้าความผิดนั้นเข้าลักษณะลักทรัพย์ วิ่งราวทรัพย์ กรรโชก รีด เอาทรัพย์ ชิงทรัพย์ ปล้นทรัพย์ ฉ้อโกง ยักยอกหรือ เจ้าพนักงานยักยอกทรัพย์ ผู้นั้นกระทำความผิดฐานรับของโจรต้อง ระวางโทษจำคุกไม่เกินห้าปี หรือปรับไม่เกินหนึ่งหมื่นบาท หรือทั้ง จำทั้งปรับ
ถ้าการกระทำความผิดฐานรับของโจรนั้น ได้กระทำเพื่อค้ากำไร หรือได้กระทำต่อทรัพย์อันได้มาโดยการลักทรัพย์ตาม มาตรา 335 (10) ชิงทรัพย์หรือปล้นทรัพย์ ผู้กระทำต้องระวางโทษจำคุกตั้งแต่ หกเดือนถึงสิบปี และปรับตั้งแต่หนึ่งพันบาทถึงสองหมื่นบาท
 ถ้าการกระทำความผิดฐานรับของโจรนั้น ได้กระทำต่อทรัพย์ อันได้มาโดยการลักทรัพย์ตาม มาตรา 335ทวิ การชิงทรัพย์ตาม มาตรา 339ทวิ หรือการปล้นทรัพย์ตาม มาตรา 340ทวิ ผู้กระทำ ต้องระวางโทษจำคุกตั้งแต่ห้าปีถึงสิบห้าปี และปรับตั้งแต่หนึ่งหมื่น บาทถึงสามหมื่นบาท"
358,ผู้ใดทำให้เสียหาย ทำลาย ทำให้เสื่อมค่าหรือทำให้ ไร้ประโยชน์ ซึ่งทรัพย์ของผู้อื่นหรือผู้อื่นเป็นเจ้าของรวมอยู่ด้วย ผู้นั้นกระทำความผิดฐานทำให้เสียทรัพย์ ต้องระวางโทษจำคุกไม่ เกินสามปี หรือปรับไม่เกินหกพันบาท หรือทั้งจำทั้งปรับ
359(1),ถ้าการกระทำความผิดตาม มาตรา 358 ได้กระทำต่อเครื่องกลหรือเครื่องจักรที่ใช้ในการประกอบกสิกรรม หรือ อุตสาหกรรม
359(2),ถ้าการกระทำความผิดตาม มาตรา 358 ได้กระทำต่อปศุสัตว์
359(3),ถ้าการกระทำความผิดตาม มาตรา 358 ได้กระทำต่อยวดยานหรือสัตว์พาหนะที่ใช้ในการขนส่งสาธารณ หรือในการ ประกอบกสิกรรมหรืออุตสาหกรรม
359(4),ถ้าการกระทำความผิดตาม มาตรา 358 ได้กระทำต่อพืชหรือพืชผลของกสิกร
360,ผู้ใดทำให้เสียหาย ทำลาย ทำให้เสื่อมค่าหรือทำให้ ไร้ประโยชน์ซึ่งทรัพย์ที่ใช้หรือมีไว้เพื่อสาธารณประโยชน์ต้องระวาง โทษจำคุกไม่เกินห้าปี หรือปรับไม่เกินหนึ่งหมื่นบาท หรือทั้งจำทั้งปรับ 
362,ผู้ใดเข้าไปในอสังหาริมทรัพย์ของผู้อื่นเพื่อถือการ ครอบครองอสังหาริมทรัพย์นั้นทั้งหมดหรือแต่บางส่วน หรือเข้าไป กระทำการใด ๆ อันเป็นการรบกวนการครอบครองอสังหาริมทรัพย์ ของเขาโดยปกติสุข ต้องระวางโทษจำคุกไม่เกินหนึ่งปี หรือปรับ ไม่เกินสองพันบาท หรือทั้งจำทั้งปรับ
363,ผู้ใดเพื่อถือเอาอสังหาริมทรัพย์ของผู้อื่นเป็นของตน หรือของบุคคลที่สาม ยักย้ายหรือทำลายเครื่องหมายเขตแห่ง อสังหาริมทรัพย์นั้นทั้งหมดหรือแต่บางส่วน ต้องระวางโทษจำคุก ไม่เกินสามปี หรือปรับไม่เกินหกพันบาท หรือทั้งจำทั้งปรับ
364,ผู้ใดโดยไม่มีเหตุอันสมควรเข้าไป หรือซ่อนตัวอยู่ใน เคหสถาน อาคารเก็บรักษาทรัพย์หรือสำนักงานในความครอบครอง ของผู้อื่น หรือไม่ยอมออกไปจากสถานที่เช่นว่านั้น เมื่อผู้มีสิทธิที่จะ ห้ามมิให้เข้าไปได้ไล่ให้ออก ต้องระวางโทษจำคุกไม่เกินหนึ่งปี หรือ ปรับไม่เกินสองพันบาท หรือทั้งจำทั้งปรับ 
365(1),ถ้าการกระทำความผิดตาม มาตรา 362 มาตรา 363 หรือ มาตรา 364 ได้กระทำ โดยใช้กำลังประทุษร้าย หรือขู่เข็ญว่าจะใช้กำลังประทุษร้าย
365(2),ถ้าการกระทำความผิดตาม มาตรา 362 มาตรา 363 หรือ มาตรา 364 ได้กระทำ โดยมีอาวุธหรือโดยร่วมกระทำความผิดด้วยกันตั้งแต่สองคน ขึ้นไป
365(3),ถ้าการกระทำความผิดตาม มาตรา 362 มาตรา 363 หรือ มาตรา 364 ได้กระทำ ในเวลากลางคืน